"ID","Previous_accession","moduleLabels","MM.24","p.MM.24","Interpro.ID","Interpro.Short.Description","GO","GO_term","Ontology.Term","Preferred.Name","SP_d3","SP_d7","R12_d7","R34_d7","R56_d7","R78_d7"
"TraesCS1A03G0057600.1","TraesCS1A02G025200","W24","0.875142955081128","4.24537241445923e-06","IPR007877","DUF707","GO:0016021,GO:0003723,GO:0009982,GO:0001522,GO:0006396","integral component of membrane,RNA binding,pseudouridine synthase activity,pseudouridine synthesis,RNA processing","TO_0006017, TO_0000355","meristem identity, heterosis","9.018712736","6.168028226","2.246551594","4.771945018","11.43999617","10.62660509"
"TraesCS1A03G0484800.1","TraesCS1A02G179600","W24","0.666426637433656","0.00348597641582857","","","NA","NA","TO_0000428, TO_0006017","callus induction, meristem identity","20.38882857","16.5282464","9.404886568","13.2813738","27.4045047","30.74495182"
"TraesCS1A03G0628300.1","TraesCS1A02G242600","W24","0.67849251245545","0.00275171621517144","IPR021825","RETICULATA-related","GO:0031969","chloroplast membrane","NA","NA","5.643643534","3.94083715","1.838112138","3.980787593","9.558344197","7.442102996"
"TraesCS1A03G0676700.1","TraesCS1A02G266000","W24","0.868132832272505","6.26087352892492e-06","IPR002921, IPR029058, IPR033556","Fungal_lipase-like, AB_hydrolase, PLA","GO:0016042,GO:0008970","lipid catabolic process,phospholipase A1 activity","TO_0000278, TO_0000078, TO_0001018, TO_0000397, TO_0001015, TO_0000734, TO_0002699, TO_0000276, TO_0000181, TO_0000707, TO_0006002","root to shoot ratio, root dry weight, transpiration rate, grain size, photosynthetic rate, grain length, lycopene content, drought tolerance, seed weight, pericarp color, proline content","2.929497733","0.919117569","0","0.750713232","3.689181124","1.204575159"
"TraesCS1A03G0708700.1","TraesCS1A02G280800","W24","0.766382127043281","0.000333120870596984","IPR005339, IPR021151, IPR036224","GINS_Psf1, GINS_A, GINS_bundle-like_dom_sf","GO:0000811,GO:1902983","GINS complex,DNA strand elongation involved in mitotic DNA replication","TO_0006036","stem elongation","0.229811154","0.196937795","0","0.421186701","0.298611773","0.212196868"
"TraesCS1A03G0727700.1","TraesCS1A02G289900","W24","0.852750574947225","1.36681791970768e-05","","","GO:0016021,GO:0070072","integral component of membrane,vacuolar proton-transporting V-type ATPase complex assembly","NA","NA","12.76213577","8.707516854","0","6.633812789","17.90259686","7.552669303"
"TraesCS1B03G0212900.1","TraesCS1B02G083400","W24","0.848381613948212","1.67941229806321e-05","IPR001680, IPR015943, IPR036322","WD40_repeat, WD40/YVTN_repeat-like_dom_sf, WD40_repeat_dom_sf","GO:0080008,GO:0005515,GO:0043161","Cul4-RING E3 ubiquitin ligase complex,protein binding,proteasome-mediated ubiquitin-dependent protein catabolic process","TO_0000281","metabolite content trait","0.49557446","0.447645679","0.044124896","0.519641908","0.722182225","0.313263271"
"TraesCS1B03G0650600.1","TraesCS1B02G225400","W24","0.894511240824203","1.27105449284238e-06","IPR005227, IPR006641, IPR012337, IPR037027","YqgF, YqgF/RNaseH-like_dom, RNaseH-like_sf, YqgF/RNaseH-like_dom_sf","GO:0000967","rRNA 5'-end processing","TO_0000128","harvest index","1.259807247","0.556861467","0","0.556541547","0.756392067","1.183901713"
"TraesCS1B03G1105500.1","TraesCS1B02G411100","W24","0.917909646422356","2.07778146435467e-07","IPR005474, IPR005475, IPR005477, IPR009014, IPR020826, IPR029061, IPR033248","Transketolase_N, Transketolase-like_Pyr-bd, Dxylulose-5-P_synthase, Transketo_C/PFOR_II, Transketolase_BS, THDP-binding, Transketolase_C","GO:0008661,GO:0046872,GO:0016114,GO:0052865,GO:0009228","1-deoxy-D-xylulose-5-phosphate synthase activity,metal ion binding,terpenoid biosynthetic process,1-deoxy-D-xylulose 5-phosphate biosynthetic process,thiamine biosynthetic process","NA","NA","10.77966918","4.72075592","0.299538996","4.302449001","15.94498069","4.361482044"
"TraesCS1D03G0211600.1","TraesCS1D02G090600","W24","0.830938325275396","3.60272652931565e-05","IPR002182, IPR027417, IPR032675, IPR036388, IPR038005, IPR041118, IPR042197, IPR044974","NB-ARC, P-loop_NTPase, LRR_dom_sf, WH-like_DNA-bd_sf, RX-like_CC, Rx_N, Apaf_helical, Disease_R_plants","GO:0005506,GO:0016705,GO:0043531,GO:0006952","iron ion binding,oxidoreductase activity, acting on paired donors, with incorporation or reduction of molecular oxygen,ADP binding,defense response","NA","NA","1.449229822","2.384609884","0.315406345","1.72077416","5.490859382","2.327051745"
"TraesCS1D03G0402000.1","TraesCS1D02G155000","W24","0.920561960597588","1.6369589019455e-07","IPR001849, IPR002913, IPR009769, IPR011993, IPR023393, IPR045096","PH_domain, START_lipid-bd_dom, EDR2_C, PH-like_dom_sf, START-like_dom_sf, EDR2-like","GO:0005634,GO:0005783,GO:0003677,GO:0008289","nucleus,endoplasmic reticulum,DNA binding,lipid binding","TO_0000253","seed dormancy","0.617255846","0.4777741","0.078352171","0.276313906","0.618995912","0.684356543"
"TraesCS1D03G0613900.1","TraesCS1D02G254700","W24","0.772870122266407","0.000275274920858129","IPR004333, IPR036893, IPR044817","SBP_dom, SBP_sf, SPL","GO:0005634,GO:0046872,GO:0016021,GO:0000976,GO:0006355,GO:0055070","nucleus,metal ion binding,integral component of membrane,transcription cis-regulatory region binding,regulation of DNA-templated transcription,copper ion homeostasis","TO_0000112, TO_0000043, TO_0000495, TO_0002657, TO_0020055, TO_0000421, TO_0000346, TO_0000735, TO_0000619, TO_0000207, 72, TO_0000598, TO_0000696, TO_0000469, TO_0000456, TO_0006001, TO_0000249","disease resistance, root morphology trait, chlorophyll content, oxidative stress, wheat stripe rust disease resistance, pollen fertility, tiller number, plastochron, vivipary, plant height, Grain hardness, protein content, starch content, days to maturity, spikelet number, salt tolerance, leaf senescence trait","1.882150616","2.267605055","0.631166038","1.52449756","2.806782053","2.834634984"
"TraesCS1D03G0832100.1","TraesCS1D02G353900","W24","0.844266650310503","2.02729512360266e-05","IPR018108, IPR023395","Mitochondrial_sb/sol_carrier, Mt_carrier_dom_sf","GO:0005743,GO:0016021,GO:0000095,GO:0015711,GO:0015748,GO:0071705,GO:1901962","mitochondrial inner membrane,integral component of membrane,S-adenosyl-L-methionine transmembrane transporter activity,organic anion transport,organophosphate ester transport,nitrogen compound transport,S-adenosyl-L-methionine transmembrane transport","281, TO_0000183","Common bunt spike incidence, other miscellaneous trait","0.535622212","0.437211232","0.084108451","0.352830733","0.560150235","0.462421319"
"TraesCS1D03G0841400.1","TraesCS1D02G358400","W24","0.823215680757461","4.9179315708321e-05","IPR002048, IPR011992, IPR018247, IPR045198","EF_hand_dom, EF-hand-dom_pair, EF_Hand_1_Ca_BS, CNBL1-10","GO:0005509,GO:0019900,GO:0019722","calcium ion binding,kinase binding,calcium-mediated signaling","TO_0000429, TO_0000183, TO_0006001, TO_0002657, TO_0000112, TO_0000430, TO_0006002, TO_0000524, TO_0000276, TO_0000043","salt sensitivity, other miscellaneous trait, salt tolerance, oxidative stress, disease resistance, germination rate, proline content, submergence tolerance, drought tolerance, root morphology trait","0.679660096","0.978705782","0.145961621","0.497071033","1.274493587","0.719634204"
"TraesCS2A03G0134100.1","TraesCS2A02G068800","W24","0.896968604059044","1.07296337745459e-06","IPR000719, IPR001611, IPR003591, IPR008271, IPR011009, IPR013210, IPR032675","Prot_kinase_dom, Leu-rich_rpt, Leu-rich_rpt_typical-subtyp, Ser/Thr_kinase_AS, Kinase-like_dom_sf, LRR_N_plant-typ, LRR_dom_sf","GO:0016021,GO:0004672,GO:0005515,GO:0005524,GO:0006468","integral component of membrane,protein kinase activity,protein binding,ATP binding,protein phosphorylation","TO_0000437","male sterility","1.283050712","0.84661632","0.020489618","0.587953581","0.963612902","0.715884644"
"TraesCS2A03G0467400.1","TraesCS2A02G218900","W24","0.942625323902771","1.52225632023495e-08","IPR008984, IPR010347","SMAD_FHA_dom_sf, Tdp1","GO:0000012,GO:0090305,GO:0005634,GO:0005515,GO:0004518,GO:0003690,GO:0017005,GO:0003697,GO:0006302","single strand break repair,nucleic acid phosphodiester bond hydrolysis,nucleus,protein binding,nuclease activity,double-stranded DNA binding,3'-tyrosyl-DNA phosphodiesterase activity,single-stranded DNA binding,double-strand break repair","TO_0000194","globular embryo","0.477585476","0.218698695","0","0.246726474","0.481330379","0.489517987"
"TraesCS2A03G1049500.1","TraesCS2A02G442200","W24","0.889826494047023","1.7361849915237e-06","IPR023213","CAT-like_dom_sf","GO:0016747","acyltransferase activity, transferring groups other than amino-acyl groups","TO_0012004, TO_0000259, TO_0000598, TO_1000008, TO_0020100, TO_0000552, TO_0001026, TO_0006018, TO_0000619, TO_0000296, TO_0000522;TO_0000523, TO_0006060, TO_0000696, TO_0002637, TO_0000253, TO_0000043, TO_0000276, TO_0000310, TO_0000303, TO_0000194, TO_0006017, TO_0000515, TO_0020099, TO_0000183, TO_0006001, TO_0000701, TO_0006036, TO_0002661, TO_0000181, TO_0006019, TO_0000492, TO_0000328, TO_0000735, TO_0006039, TO_0000075, TO_0002659, TO_0000207, TO_0000576, TO_0000435, TO_0002673, TO_0000504, TO_0000372, TO_0006038, TO_0000112, TO_0000163, TO_0000467, TO_0000391, TO_0000345, TO_0002657, TO_0000437, TO_0000227, TO_0000430, TO_0000458, TO_0000429, TO_0000514, TO_0000257, TO_0000495, TO_0006047, TO_0020097, TO_0002639, TO_0000291, TO_0000315, TO_0000358, TO_0000397, TO_0000608, TO_0000731, TO_0000444, TO_0002672","quantum yield, heat tolerance, protein content, branch position, nitrate uptake, shoot dry weight, respiration rate, organ identity, vivipary, vegetative vigor, stomatal resistance, leaf chlorosis, starch content, leaf size, seed dormancy, root morphology trait, drought tolerance, self-incompatibility, cold tolerance, globular embryo, meristem identity, relative growth rate, nitrate transport, other miscellaneous trait, salt tolerance, turgor pressure, stem elongation, seed maturation, seed weight, floral organ identity, leaf shape, sucrose content, plastochron, petal number, light sensitivity, pistil number, plant height, stem length, seed longevity, amino acid content, leaf temperature, amylose to amylopectin ratio, floral organ number, disease resistance, auxin sensitivity, cell membrane stability, seed size, seed viability, oxidative stress, male sterility, root length, germination rate, drought recovery, salt sensitivity, potassium uptake, root branching, chlorophyll content, calcium concentration, stomatal opening, shoot branching, carbohydrate content, bacterial disease resistance, female sterility, grain size, sodium content, lignin content, parasitic weed, auxin content","1.049678023","0.618580942","0","0.5099598","1.162367676","1.85952726"
"TraesCS2A03G1297200.1","TraesCS2A02G589300","W24","0.759700431292702","0.00040295669433727","IPR007484, IPR045175","Peptidase_M28, M28_fam","GO:0016021,GO:0008235,GO:0006508","integral component of membrane,metalloexopeptidase activity,proteolysis","NA","NA","1.259493454","0.100187316","0","0.149024214","1.060361915","0.105899936"
"TraesCS2B03G0094000.1","TraesCS2B02G045700","W24","0.69383864263266","0.00200513712729318","IPR002182, IPR027417, IPR032675, IPR036388, IPR042197, IPR044974","NB-ARC, P-loop_NTPase, LRR_dom_sf, WH-like_DNA-bd_sf, Apaf_helical, Disease_R_plants","GO:0043531,GO:0006952","ADP binding,defense response","NA","NA","5.094536335","6.427520757","1.052161776","11.51387914","16.49287973","7.734486072"
"TraesCS2B03G1375500.1","TraesCS2B02G547600","W24","0.770179479857287","0.000298151104762421","IPR000048, IPR000595, IPR003938, IPR005821, IPR014710, IPR018490","IQ_motif_EF-hand-BS, cNMP-bd_dom, K_chnl_volt-dep_EAG/ELK/ERG, Ion_trans_dom, RmlC-like_jellyroll, cNMP-bd_dom_sf","GO:0005249,GO:0071805,GO:0005515,GO:0016021","voltage-gated potassium channel activity,potassium ion transmembrane transport,protein binding,integral component of membrane","TO_0000303, TO_0000183, TO_0000522;TO_0000523, TO_0000259","cold tolerance, other miscellaneous trait, stomatal resistance, heat tolerance","3.290975658","3.497374026","1.683866022","2.533916996","4.6619117","5.051018403"
"TraesCS2D03G0121700.1","TraesCS2D02G062100","W24","0.907752844648526","4.83552811946529e-07","IPR000719, IPR008271, IPR011009, IPR036537, IPR044815, IPR045766","Prot_kinase_dom, Ser/Thr_kinase_AS, Kinase-like_dom_sf, Adaptor_Cbl_N_dom_sf, CCR3/4, MCAfunc","GO:0003676,GO:0005524,GO:0008270,GO:0007166,GO:0004674,GO:0006468","nucleic acid binding,ATP binding,zinc ion binding,cell surface receptor signaling pathway,protein serine/threonine kinase activity,protein phosphorylation","TO_0000428, TO_0006017","callus induction, meristem identity","3.47878816","2.62292788","0.890272998","2.461847633","4.906082777","4.197677479"
"TraesCS2D03G0132400.1","TraesCS2D02G067700","W24","0.919677569752852","1.77403394332944e-07","IPR000719, IPR001611, IPR008271, IPR011009, IPR032675","Prot_kinase_dom, Leu-rich_rpt, Ser/Thr_kinase_AS, Kinase-like_dom_sf, LRR_dom_sf","GO:0016021,GO:0004672,GO:0005515,GO:0005524,GO:0006468","integral component of membrane,protein kinase activity,protein binding,ATP binding,protein phosphorylation","NA","NA","1.68595651","1.0259429","0.071048561","0.745330805","1.624679957","1.16526365"
"TraesCS2D03G0174000.1","TraesCS2D02G087400","W24","0.73515092022889","0.000772828127203336","IPR000232, IPR027725, IPR036388, IPR036390","HSF_DNA-bd, HSF_fam, WH-like_DNA-bd_sf, WH_DNA-bd_sf","GO:0005634,GO:0003700,GO:0043565,GO:0006355","nucleus,DNA-binding transcription factor activity,sequence-specific DNA binding,regulation of DNA-templated transcription","TO_0000344, TO_0020055, TO_0000181, TO_0012004, TO_0000469, TO_0006002, TO_0002661, TO_0000084, TO_0000276, TO_0000112, TO_0000173, TO_0000439, TO_0000231, TO_0000612, TO_0001017, TO_0002759, TO_0000396, TO_0006001, TO_0000207, TO_0000511, TO_0000183, TO_0000253, TO_0000290, TO_0000371, TO_0000137, TO_0000190, TO_0000430","days to flowering trait, wheat stripe rust disease resistance, seed weight, quantum yield, days to maturity, proline content, seed maturation, root number, drought tolerance, disease resistance, ethylene sensitivity, fungal disease resistance, endospermless, grain density, water use efficiency, grain number, grain yield trait, salt tolerance, plant height, phosphorus uptake, other miscellaneous trait, seed dormancy, flavonoid content, yield trait, days to heading, seed coat color, germination rate","0.494341285","0.617274896","0.039607621","0.24255898","0.358669249","0.666732677"
"TraesCS2D03G0598800.3","TraesCS2D02G259300.3","W24","0.785984128272557","0.000183642880175296","IPR000719, IPR008271, IPR011009, IPR017441","Prot_kinase_dom, Ser/Thr_kinase_AS, Kinase-like_dom_sf, Protein_kinase_ATP_BS","NA","NA","NA","NA","0.349359173","0.304321788","0.033383061","0.147405988","0.209117244","0.241597901"
"TraesCS2D03G0625500.1","TraesCS2D02G270300","W24","0.831992344645465","3.44880724613731e-05","IPR002912, IPR011598, IPR036638","ACT_dom, bHLH_dom, HLH_DNA-bd_sf","GO:0005634,GO:0003700,GO:0046983,GO:0006355","nucleus,DNA-binding transcription factor activity,protein dimerization activity,regulation of DNA-templated transcription","TO_0000396, TO_0000439, TO_0000227, TO_0000183, TO_0000696, TO_0000112","grain yield trait, fungal disease resistance, root length, other miscellaneous trait, starch content, disease resistance","3.251098833","1.435969153","0.084869044","1.161282574","3.353599842","3.062825688"
"TraesCS3A03G0003300.1","TraesCS3A02G000600","W24","0.895516775962496","1.18651953250856e-06","IPR011598, IPR036638","bHLH_dom, HLH_DNA-bd_sf","GO:0003677,GO:0003700,GO:0046983,GO:0006357,GO:2000112","DNA binding,DNA-binding transcription factor activity,protein dimerization activity,regulation of transcription by RNA polymerase II,regulation of cellular macromolecule biosynthetic process","NA","NA","3.959121182","1.527290793","0.178253297","1.49909062","2.88823717","1.801324515"
"TraesCS3A03G0165500.1","TraesCS3A02G075500","W24","0.814467910635147","6.87615026674761e-05","IPR007482","Tyr_Pase-like_PTPLA","GO:0030176,GO:0018812,GO:0102158,GO:0102343,GO:0102344,GO:0102345,GO:0030148,GO:0030497,GO:0042761","integral component of endoplasmic reticulum membrane,3-hydroxyacyl-CoA dehydratase activity,very-long-chain 3-hydroxyacyl-CoA dehydratase activity,3-hydroxy-arachidoyl-CoA dehydratase activity,3-hydroxy-behenoyl-CoA dehydratase activity,3-hydroxy-lignoceroyl-CoA dehydratase activity,sphingolipid biosynthetic process,fatty acid elongation,very long-chain fatty acid biosynthetic process","TO_0006018, TO_0006014, TO_0000225, TO_0000993, TO_0006019","organ identity, phyllotaxy, stamen number, cellulose content, floral organ identity","0.812973056","0.147889785","0","0.149066515","0.190379514","0.148235245"
"TraesCS3A03G0249800.1","TraesCS3A02G114900","W24","0.911940854762408","3.45556030607244e-07","IPR000300, IPR036691, IPR045849","IPPc, Endo/exonu/phosph_ase_sf, IP5P_plant","GO:0004439,GO:0004445,GO:0034485,GO:0046855,GO:0046856","phosphatidylinositol-4,5-bisphosphate 5-phosphatase activity,inositol-polyphosphate 5-phosphatase activity,phosphatidylinositol-3,4,5-trisphosphate 5-phosphatase activity,inositol phosphate dephosphorylation,phosphatidylinositol dephosphorylation","TO_0000173, TO_0000516, TO_0000183, TO_0000696, TO_0000437","ethylene sensitivity, relative root length, other miscellaneous trait, starch content, male sterility","1.160346065","1.0387415","0","1.060793479","1.729474533","1.437667563"
"TraesCS3A03G0274700.2","TraesCS3A02G125100.2","W24","0.635742864513003","0.00608949555606519","IPR002213, IPR035595","UDP_glucos_trans, UDP_glycos_trans_CS","NA","NA","NA","NA","0.347860766","0.489945694","0","0.647171182","0.332104284","0.120903388"
"TraesCS3A03G0585200.1","TraesCS3A02G225300","W24","0.728133865650426","0.000919321253306454","IPR039619","MAKR2/5","GO:0005886","plasma membrane","TO_0000707, TO_0000276","pericarp color, drought tolerance","0.764549412","0.638975051","0","0.196700799","0.346876452","0.373560661"
"TraesCS3A03G0667100.2","TraesCS3A02G262100.2","W24","0.730580572780498","0.000865840574986684","IPR000719, IPR008271, IPR011009, IPR017441, IPR025287, IPR032872, IPR044652","Prot_kinase_dom, Ser/Thr_kinase_AS, Kinase-like_dom_sf, Protein_kinase_ATP_BS, WAK_GUB, WAK_assoc_C, LRK10L-1.1/1.2/1.3/1.4/1.5","NA","NA","NA","NA","0.226876288","0.469396257","0.034727927","0.310132266","0.50560356","0.270526997"
"TraesCS3A03G0742300.1","TraesCS3A02G303200","W24","0.859516143300706","9.80510310068441e-06","IPR004901, IPR029044, IPR037595","RGP, Nucleotide-diphossugar_trans, RGP_fam","GO:0005829,GO:0033356,GO:0052691,GO:0005794,GO:0071555,GO:0009832","cytosol,UDP-L-arabinose metabolic process,UDP-arabinopyranose mutase activity,Golgi apparatus,cell wall organization,plant-type cell wall biogenesis","NA","NA","14.85186333","6.834918263","0.638951871","8.197464053","25.44498559","25.20165776"
"TraesCS3A03G0832400.1","TraesCS3A02G348600","W24","0.923823164525578","1.20695099143014e-07","IPR001509, IPR036291","Epimerase_deHydtase, NAD(P)-bd_dom_sf","GO:0003824","catalytic activity","TO_0006002, TO_0000495, TO_0000071, TO_0000428, TO_0012001, TO_0012004, TO_0000437, TO_0001018, TO_0006018, TO_0020116, TO_0000504, TO_0000346, TO_0000043, TO_0001017, TO_0000207, TO_0000522;TO_0000523, TO_0001015, TO_0000276, TO_0000919, TO_0000382, TO_0000128, TO_0000598, TO_0000290, TO_0006019, TO_0000953, TO_0020117, TO_0000183, TO_0000050","proline content, chlorophyll content, anthocyanin content, callus induction, leaf area index, quantum yield, male sterility, transpiration rate, organ identity, photochemical quenching, leaf temperature, tiller number, root morphology trait, water use efficiency, plant height, stomatal resistance, photosynthetic rate, drought tolerance, grain weight, 1000-grain weight, harvest index, protein content, flavonoid content, floral organ identity, stem number, non photochemical quenching, other miscellaneous trait, inflorescence branching","4.111869506","2.686577666","0","0.872984734","2.825311876","3.618635284"
"TraesCS3B03G0003000.1","TraesCS3B02G000700","W24","0.875341417711216","4.19753736909854e-06","IPR003821, IPR013512, IPR013644, IPR026877, IPR036169, IPR036291","DXP_reductoisomerase, DXP_reductoisomerase_N, DXP_reductoisomerase_C, DXPR_C, DXPR_C_sf, NAD(P)-bd_dom_sf","GO:0009507,GO:0030604,GO:0005515,GO:0051484,GO:0070402,GO:0030145","chloroplast,1-deoxy-D-xylulose-5-phosphate reductoisomerase activity,protein binding,isopentenyl diphosphate biosynthetic process, methylerythritol 4-phosphate pathway involved in terpenoid biosynthetic process,NADPH binding,manganese ion binding","TO_0000496","carotenoid content","10.4763799","4.631478599","1.456294614","5.033423954","11.47098012","14.13360397"
"TraesCS3B03G0676800.1","TraesCS3B02G260200","W24","0.906300880646358","5.41294771288116e-07","IPR003593, IPR003959, IPR003960, IPR025753, IPR027417","AAA+_ATPase, ATPase_AAA_core, ATPase_AAA_CS, AAA_N_dom, P-loop_NTPase","GO:0005524,GO:0016887","ATP binding,ATP hydrolysis activity","NA","NA","2.168149336","2.279067711","0.470373476","2.176924341","2.945795918","3.031619125"
"TraesCS3B03G0730500.1","TraesCS3B02G283400","W24","0.6761396159555","0.0028839752262664","IPR009769","EDR2_C","NA","NA","TO_0000227, TO_0000516","root length, relative root length","2.811220215","3.628554191","1.02154528","3.385361693","4.448793382","4.86407316"
"TraesCS3B03G0743700.1","TraesCS3B02G288700","W24","0.930303778685089","6.31544366255205e-08","IPR011598, IPR025610, IPR036638, IPR045084","bHLH_dom, MYC/MYB_N, HLH_DNA-bd_sf, AIB/MYC-like","GO:0005634,GO:0000976,GO:0003700,GO:0046983,GO:0006355","nucleus,transcription cis-regulatory region binding,DNA-binding transcription factor activity,protein dimerization activity,regulation of DNA-templated transcription","TO_0000696, TO_0000437, TO_0001018, TO_0000276, TO_0000303, TO_0006002, TO_0002699, TO_0000043, TO_0000183, TO_0000227, TO_0020097, TO_0006054","starch content, male sterility, transpiration rate, drought tolerance, cold tolerance, proline content, lycopene content, root morphology trait, other miscellaneous trait, root length, stomatal opening, arsenic concentration","2.852775181","1.060797008","0","1.219357497","3.925385589","2.367354208"
"TraesCS3B03G0755400.1","TraesCS3B02G292300","W24","0.831420542535565","3.53160266246245e-05","","","NA","NA","NA","NA","1.126270362","1.170357711","0.346301383","0.857219857","1.427279331","1.364998362"
"TraesCS3B03G1129100.1","TraesCS3B02G457600","W24","0.736521412624854","0.000746608617977398","IPR008826, IPR015943","Se-bd, WD40/YVTN_repeat-like_dom_sf","GO:0005515,GO:0008430,GO:0018549","protein binding,selenium binding,methanethiol oxidase activity","TO_0000115, TO_0002657, TO_0006054","root mass density, oxidative stress, arsenic concentration","0.698182445","1.018629801","0.04894348","1.285518628","1.397869143","0.611371281"
"TraesCS3B03G1526300.1","TraesCS3B02G603900","W24","0.798157048599109","0.000122962865830413","IPR000679, IPR013088","Znf_GATA, Znf_NHR/GATA","GO:0008270,GO:0043565,GO:0006355","zinc ion binding,sequence-specific DNA binding,regulation of DNA-templated transcription","TO_0000276, TO_0000207, TO_0000371, TO_0000173, TO_0000473, TO_0000128, TO_0002657, TO_0000194, TO_0000619, TO_0000344, TO_0000190, TO_0000996, TO_0000397, TO_0000181, TO_0000112, TO_0000253, TO_0002661, TO_0000310, TO_0000919, TO_0000735","drought tolerance, plant height, yield trait, ethylene sensitivity, grain shattering, harvest index, oxidative stress, globular embryo, vivipary, days to flowering trait, seed coat color, flag leaf area, grain size, seed weight, disease resistance, seed dormancy, seed maturation, self-incompatibility, grain weight, plastochron","4.29341205","3.175758856","1.019081099","3.46972318","5.968759267","9.268862623"
"TraesCS3D03G0344500.1","TraesCS3D02G161000","W24","0.862947574360075","8.2306032104457e-06","IPR032795","DUF3741-assoc","NA","NA","TO_0000344, TO_0000469, TO_0000194, TO_0000137, TO_0000358, TO_0020055, TO_0000207","days to flowering trait, days to maturity, globular embryo, days to heading, female sterility, wheat stripe rust disease resistance, plant height","1.663990685","1.250065041","0.296880296","0.766679283","1.956736995","1.269924238"
"TraesCS3D03G0691800.1","TraesCS3D02G303100","W24","0.864933905427458","7.42158077140896e-06","","","NA","NA","281","Common bunt spike incidence","3.802078066","2.659778359","0.612049968","2.235961409","3.379780552","4.752792541"
"TraesCS3D03G0708100.1","TraesCS3D02G311100","W24","0.734589174541455","0.000783793206673557","","","NA","NA","TO_0000043","root morphology trait","0.574439879","1.229280405","0.046739204","0.287984597","0.621960111","0.311898606"
"TraesCS3D03G0775600.1","TraesCS3D02G349500","W24","0.911131923254154","3.69197248053732e-07","IPR002524, IPR027469, IPR027470, IPR036837","Cation_efflux, Cation_efflux_TMD_sf, Cation_efflux_CTD, Cation_efflux_CTD_sf","GO:0010042,GO:0071421,GO:1902600,GO:0005770,GO:0046688,GO:0016021,GO:0005794,GO:0030026,GO:0005774,GO:0010486","response to manganese ion,manganese ion transmembrane transport,proton transmembrane transport,late endosome,response to copper ion,integral component of membrane,Golgi apparatus,cellular manganese ion homeostasis,vacuolar membrane,manganese:proton antiporter activity","TO_0000112","disease resistance","1.601327351","0.977990399","0.225193631","0.933881586","2.847078962","1.54362082"
"TraesCS4A03G0078400.1","TraesCS4A02G040400","W24","0.867880570337166","6.34641043111064e-06","IPR002314, IPR002317, IPR006195, IPR010978, IPR015866, IPR033729, IPR042103, IPR045864","aa-tRNA-synt_IIb, Ser-tRNA-ligase_type_1, aa-tRNA-synth_II, tRNA-bd_arm, Ser-tRNA-synth_1_N, SerRS_core, SerRS_1_N_sf, aa-tRNA-synth_II/BPL/LPL","GO:0005524,GO:0016021,GO:0005829,GO:0004828,GO:0000049,GO:0006434","ATP binding,integral component of membrane,cytosol,serine-tRNA ligase activity,tRNA binding,seryl-tRNA aminoacylation","TO_0000183, TO_0000249, TO_0000469, TO_0000128, 281","other miscellaneous trait, leaf senescence trait, days to maturity, harvest index, Common bunt spike incidence","5.174048049","4.614877882","1.655859606","4.272391239","6.213270025","6.579489719"
"TraesCS4A03G0088600.1","TraesCS4A02G045800","W24","0.809855782301136","8.14914875497483e-05","IPR001000, IPR003305, IPR008979, IPR017853, IPR044846","GH10_dom, CenC_carb-bd, Galactose-bd-like_sf, Glycoside_hydrolase_SF, GH10","GO:0045493,GO:0110165,GO:0004553","xylan catabolic process,cellular anatomical entity,hydrolase activity, hydrolyzing O-glycosyl compounds","TO_0000043, TO_0000391, TO_0000397, TO_0000598","root morphology trait, seed size, grain size, protein content","0.507349223","0.502966547","0.049010803","0.594035666","1.390062672","0.442678913"
"TraesCS4A03G0712000.1","TraesCS4A02G276000","W24","0.830257415513018","3.70521556787849e-05","IPR000907, IPR001024, IPR001246, IPR036392, IPR042057","LipOase, PLAT/LH2_dom, LipOase_plant, PLAT/LH2_dom_sf, Lipoxy_PLAT/LH2","GO:0005515,GO:0046872,GO:0031408,GO:0016165,GO:0006633","protein binding,metal ion binding,oxylipin biosynthetic process,linoleate 13S-lipoxygenase activity,fatty acid biosynthetic process","TO_0002759, TO_0000084, TO_0020055, TO_0000207, TO_0000135, TO_0000227, TO_0000112, TO_0000919, TO_0000640, TO_0001007","grain number, root number, wheat stripe rust disease resistance, plant height, leaf length, root length, disease resistance, grain weight, total root number, coleoptile length","0.588117478","0.902088756","0","0.30906478","0.688599195","0.197344866"
"TraesCS4B03G0136400.1","TraesCS4B02G062800","W24","0.952044857004644","4.0769676658129e-09","IPR003451","LytB/IspH","GO:0009570,GO:0046429,GO:0046872,GO:0051539,GO:0051745,GO:0019288,GO:0050992","chloroplast stroma,4-hydroxy-3-methylbut-2-en-1-yl diphosphate synthase activity,metal ion binding,4 iron, 4 sulfur cluster binding,4-hydroxy-3-methylbut-2-en-1-yl diphosphate reductase activity,isopentenyl diphosphate biosynthetic process, methylerythritol 4-phosphate pathway,dimethylallyl diphosphate biosynthetic process","TO_0000428, TO_0000496, TO_0006017","callus induction, carotenoid content, meristem identity","25.89109666","21.55751289","3.473334805","12.11503194","32.13263948","30.55412194"
"TraesCS4B03G0367500.1","TraesCS4B02G149900","W24","0.652504343926222","0.00452328105502356","IPR002921, IPR029058","Fungal_lipase-like, AB_hydrolase","GO:0006629","lipid metabolic process","NA","NA","1.321686056","2.24517106","0.337413386","1.007744827","0.986558374","1.672877512"
"TraesCS4B03G0905200.1","TraesCS4B02G348200","W24","0.818856966235196","5.82460772036336e-05","IPR005830, IPR008998, IPR036242","Aerolysn, Agglutinin, Agglutinin_dom_sf","GO:0005576","extracellular region","TO_0000696, TO_0000137","starch content, days to heading","13.89013388","3.678555848","0.135440827","6.123778383","38.35294994","30.86566877"
"TraesCS4D03G0244400.1","TraesCS4D02G122000","W24","0.82867852321127","3.95238743404458e-05","IPR005202","TF_GRAS","NA","NA","TO_0000333, TO_0000043, TO_0002672, TO_0000207, TO_0000310, TO_0000112, TO_0002692, TO_0000437, TO_0006001, TO_0001051, TO_0000276, TO_0002665, TO_0000371, TO_0000227, TO_0000183, TO_0002657, 72, TO_0000303, TO_0002673, TO_0000249","sugar content, root morphology trait, auxin content, plant height, self-incompatibility, disease resistance, root meristem development, male sterility, salt tolerance, root hair density, drought tolerance, root hair length, yield trait, root length, other miscellaneous trait, oxidative stress, Grain hardness, cold tolerance, amino acid content, leaf senescence trait","0.678384533","0.270742641","0.033227405","0.339437391","0.334093279","0.79379506"
"TraesCS4D03G0812100.2","TraesCS4D02G350700.3","W24","0.93969889345252","2.19175403295875e-08","IPR000073, IPR029058","AB_hydrolase_1, AB_hydrolase","NA","NA","NA","NA","0.841841722","0.552754272","0.02567681","0.692429336","1.856234123","0.658355021"
"TraesCS5A03G0114900.1","TraesCS5A02G045400","W24","0.796887051214345","0.000128375545912697","IPR037490","WAP","NA","NA","TO_0000965","ear aspect","0.486135037","0.636499296","0.053795954","0.4410548","0.509036628","0.690396985"
"TraesCS5A03G0194900.1","TraesCS5A02G076900","W24","0.866991459673089","6.65586456904158e-06","IPR004843, IPR008963, IPR015914, IPR025733, IPR029052, IPR040974, IPR041792","Calcineurin-like_PHP_ApaH, Purple_acid_Pase-like_N, Purple_acid_Pase_N, Purple_acid_PPase_C_dom, Metallo-depent_PP-like, Fn3_PAP, MPP_PAP","GO:0046872,GO:0016311,GO:0003993","metal ion binding,dephosphorylation,acid phosphatase activity","TO_0000071, TO_0000183, TO_0000696, TO_0000207, TO_0000607, TO_0000276, TO_0000290, TO_0000707","anthocyanin content, other miscellaneous trait, starch content, plant height, ash content, drought tolerance, flavonoid content, pericarp color","1.463496054","0.375216502","0","0.341547337","1.65016802","2.691719573"
"TraesCS5A03G0301500.1","TraesCS5A02G112000","W24","0.751751351285731","0.000501519814072023","","","GO:0016020","membrane","NA","NA","6.612764264","5.612375032","1.058247095","4.162500302","8.725723966","4.46173656"
"TraesCS5A03G0460900.1","TraesCS5A02G171600","W24","0.948660300143476","6.73242350626252e-09","IPR044296","HIPP16/46","NA","NA","NA","NA","4.807750292","2.359063783","0","1.22913608","3.217188522","3.114369494"
"TraesCS5A03G0543800.1","TraesCS5A02G210000","W24","0.931160213967966","5.77069862108184e-08","IPR040346","GEX1/Brambleberry","GO:0016021","integral component of membrane","TO_0000112, TO_0006002, TO_0000303, TO_0000430","disease resistance, proline content, cold tolerance, germination rate","2.112505613","1.097119271","0.105119965","0.75833914","1.299645922","1.012248496"
"TraesCS5A03G0579300.1","TraesCS5A02G226500","W24","0.797776193161803","0.000124565541161444","IPR003663, IPR005828, IPR005829, IPR020846, IPR036259, IPR044778, IPR045262","Sugar/inositol_transpt, MFS_sugar_transport-like, Sugar_transporter_CS, MFS_dom, MFS_trans_sf, MFS_STP/MST-like_plant, STP/PLT_plant","GO:0015145,GO:0016021,GO:0015293,GO:0015749","monosaccharide transmembrane transporter activity,integral component of membrane,symporter activity,monosaccharide transmembrane transport","TO_0006017, TO_0000598, TO_0000696, TO_0000428","meristem identity, protein content, starch content, callus induction","4.509315098","4.537413119","0.895769402","2.129291149","6.62603291","4.113094325"
"TraesCS5A03G0743400.1","TraesCS5A02G305200","W24","0.887478272215117","2.01942506302988e-06","IPR002110, IPR026961, IPR036770","Ankyrin_rpt, PGG_dom, Ankyrin_rpt-contain_sf","GO:0050790,GO:0016021,GO:0008157,GO:0005886,GO:0019888,GO:0035304","regulation of catalytic activity,integral component of membrane,protein phosphatase 1 binding,plasma membrane,protein phosphatase regulator activity,regulation of protein dephosphorylation","TO_0000430, TO_0000227, TO_0000276","germination rate, root length, drought tolerance","12.34657961","13.43865491","2.121994797","8.020462459","16.18381498","10.47515231"
"TraesCS5A03G1138400.1","TraesCS5A02G485000","W24","0.78945585615017","0.000164221450476314","IPR000109, IPR018456, IPR036259","POT_fam, PTR2_symporter_CS, MFS_trans_sf","GO:0006857,GO:0055085,GO:0022857,GO:0016021","oligopeptide transport,transmembrane transport,transmembrane transporter activity,integral component of membrane","NA","NA","3.828631743","1.450891177","0.271991248","0.668780138","2.403878367","2.367860488"
"TraesCS5A03G1170300.1","TraesCS5A02G499400","W24","0.678146194339722","0.00277086650771086","","","GO:0005829,GO:1990745,GO:0000149,GO:0003729,GO:0032456,GO:0042147","cytosol,EARP complex,SNARE binding,mRNA binding,endocytic recycling,retrograde transport, endosome to Golgi","NA","NA","1.954435696","2.534503801","0.516389182","1.804879504","2.928654165","2.881126423"
"TraesCS5A03G1227500.1","TraesCS5A02G526000","W24","0.832106870832753","3.43242300013394e-05","IPR002610, IPR022764, IPR035952","Peptidase_S54_rhomboid, Peptidase_S54_rhomboid_dom, Rhomboid-like_sf","GO:0016021,GO:0004252,GO:0006508","integral component of membrane,serine-type endopeptidase activity,proteolysis","TO_0000276, TO_0000707","drought tolerance, pericarp color","3.549794599","0.909887769","0.146835436","1.174584237","2.199635335","1.692496689"
"TraesCS5B03G0487400.1","TraesCS5B02G183000","W24","0.857297489452236","1.095368999186e-05","IPR000719, IPR001245, IPR001611, IPR003591, IPR011009, IPR032675","Prot_kinase_dom, Ser-Thr/Tyr_kinase_cat_dom, Leu-rich_rpt, Leu-rich_rpt_typical-subtyp, Kinase-like_dom_sf, LRR_dom_sf","GO:0016021,GO:0004672,GO:0005515,GO:0005524,GO:0006468","integral component of membrane,protein kinase activity,protein binding,ATP binding,protein phosphorylation","TO_0000437","male sterility","0.467860551","0.666867627","0.030445047","0.544091462","1.218894999","0.892022755"
"TraesCS5B03G0553800.1","TraesCS5B02G208000","W24","0.691737950238181","0.00209621149047775","IPR040346","GEX1/Brambleberry","GO:0016021","integral component of membrane","TO_0000303, TO_0000430, TO_0006002","cold tolerance, germination rate, proline content","1.328681914","0.424073472","0.072931876","0.236064876","0.439496789","0.369435358"
"TraesCS5B03G0973300.1","TraesCS5B02G389300","W24","0.875972099309019","4.04856074388236e-06","IPR001650, IPR022192, IPR027417, IPR041082, IPR044774","Helicase_C, SUV3_C, P-loop_NTPase, Suv3_C_1, Suv3_DEXQc","GO:0016887,GO:0009561,GO:1901002,GO:1902584,GO:0009555,GO:0000965,GO:0045025,GO:0080038,GO:0006401,GO:0042645,GO:0005524,GO:0003678,GO:0010929,GO:0003724,GO:0032508,GO:0009939","ATP hydrolysis activity,megagametogenesis,positive regulation of response to salt stress,positive regulation of response to water deprivation,pollen development,mitochondrial RNA 3'-end processing,mitochondrial degradosome,positive regulation of cytokinin-activated signaling pathway,RNA catabolic process,mitochondrial nucleoid,ATP binding,DNA helicase activity,positive regulation of auxin mediated signaling pathway,RNA helicase activity,DNA duplex unwinding,positive regulation of gibberellic acid mediated signaling pathway","TO_0002661, TO_0000043","seed maturation, root morphology trait","0.258695113","0.283850684","0.009682297","0.216336513","0.411939706","0.455248279"
"TraesCS5D03G0247600.1","TraesCS5D02G104900","W24","0.801474653834099","0.00010971987531291","IPR000023, IPR012004, IPR022953, IPR035966","Phosphofructokinase_dom, PyroP-dep_PFK_TP0108, ATP_PFK, PKF_sf","GO:0005524,GO:0046872,GO:0005737,GO:0006002,GO:0061615,GO:0003872","ATP binding,metal ion binding,cytoplasm,fructose 6-phosphate metabolic process,glycolytic process through fructose-6-phosphate,6-phosphofructokinase activity","TO_0000043","root morphology trait","2.563841935","2.84202455","0.548207699","1.954782361","3.464537077","3.011661192"
"TraesCS5D03G0366900.1","TraesCS5D02G146800","W24","0.649802371396965","0.00475089434094786","IPR038971","SMR11/SMR16","NA","NA","NA","NA","0.799174326","0.655473789","0.147167362","0.272226697","0.427539035","0.640329"
"TraesCS5D03G0428900.1","TraesCS5D02G177700","W24","0.767699992253645","0.000320616623739754","IPR000111, IPR002241, IPR013780, IPR013785, IPR017853, IPR041233","Glyco_hydro_27/36_CS, Glyco_hydro_27, Glyco_hydro_b, Aldolase_TIM, Glycoside_hydrolase_SF, Melibiase_C","GO:0005975,GO:0052692","carbohydrate metabolic process,raffinose alpha-galactosidase activity","TO_0000043, TO_0000276","root morphology trait, drought tolerance","0.213382078","0.319392094","0","0.152412946","0.148253442","0.12908352"
"TraesCS5D03G0455400.1","TraesCS5D02G191500","W24","0.868209780169437","6.23497811108593e-06","IPR002781","TM_pro_TauE-like","GO:0016021,GO:0031464,GO:0016567","integral component of membrane,Cul4A-RING E3 ubiquitin ligase complex,protein ubiquitination","NA","NA","9.120212181","4.229529295","0.928564552","2.697350463","9.604081747","11.10147887"
"TraesCS5D03G0543500.1","TraesCS5D02G233900","W24","0.828301316191333","4.01345624262097e-05","IPR003663, IPR005828, IPR005829, IPR020846, IPR036259, IPR044778, IPR045262","Sugar/inositol_transpt, MFS_sugar_transport-like, Sugar_transporter_CS, MFS_dom, MFS_trans_sf, MFS_STP/MST-like_plant, STP/PLT_plant","GO:0015145,GO:0016021,GO:0015293,GO:0015749","monosaccharide transmembrane transporter activity,integral component of membrane,symporter activity,monosaccharide transmembrane transport","TO_0000598, TO_0000696","protein content, starch content","6.311676987","3.276386822","1.152167676","3.406239402","8.574307232","5.752062681"
"TraesCS5D03G0920100.1","TraesCS5D02G417200","W24","0.846551621502717","1.82728819910965e-05","IPR000719, IPR001245, IPR001611, IPR011009, IPR032675","Prot_kinase_dom, Ser-Thr/Tyr_kinase_cat_dom, Leu-rich_rpt, Kinase-like_dom_sf, LRR_dom_sf","GO:0018108,GO:0005524,GO:0005515,GO:0004714,GO:0016021,GO:0005886","peptidyl-tyrosine phosphorylation,ATP binding,protein binding,transmembrane receptor protein tyrosine kinase activity,integral component of membrane,plasma membrane","TO_0000437, TO_0000183, TO_0000276","male sterility, other miscellaneous trait, drought tolerance","3.210337194","1.880720289","0.764067474","1.72716813","3.925832958","2.751324817"
"TraesCS6A03G0002200.1","TraesCS6A02G002400","W24","0.566489560804533","0.0177458099811104","IPR013057","AA_transpt_TM","GO:0005886,GO:0016021,GO:0006865","plasma membrane,integral component of membrane,amino acid transport","TO_0000043, TO_0000183, TO_0000492","root morphology trait, other miscellaneous trait, leaf shape","1.081681057","0.280378968","0.11621649","0.215793252","0.701582066","0.557540854"
"TraesCS6A03G0151100.1","TraesCS6A02G067800","W24","0.844592978835165","1.99764439357826e-05","IPR001906, IPR005630, IPR008930, IPR008949, IPR034741, IPR036965","Terpene_synth_N, Terpene_synthase_metal-bd, Terpenoid_cyclase/PrenylTrfase, Isoprenoid_synthase_dom_sf, Terpene_cyclase-like_1_C, Terpene_synth_N_sf","GO:0000287,GO:0016114,GO:0010333","magnesium ion binding,terpenoid biosynthetic process,terpene synthase activity","TO_0000043, TO_0000183, TO_0000276, TO_0000303, TO_0000397","root morphology trait, other miscellaneous trait, drought tolerance, cold tolerance, grain size","1.521984814","1.512405263","0.055141894","1.637140118","5.286280633","0.482762358"
"TraesCS6A03G0592400.1","TraesCS6A02G215500","W24","0.877922766848572","3.61594510440661e-06","IPR004588, IPR011005, IPR017178, IPR045854","IspG_bac-typ, Dihydropteroate_synth-like, IspG_atypical, NO2/SO3_Rdtase_4Fe4S_sf","GO:0009507,GO:0009617,GO:0005506,GO:0019288,GO:0009862,GO:0051539,GO:0046429,GO:0016114","chloroplast,response to bacterium,iron ion binding,isopentenyl diphosphate biosynthetic process, methylerythritol 4-phosphate pathway,systemic acquired resistance, salicylic acid mediated signaling pathway,4 iron, 4 sulfur cluster binding,4-hydroxy-3-methylbut-2-en-1-yl diphosphate synthase activity,terpenoid biosynthetic process","TO_0001017, TO_0000112, TO_0000173, TO_0000084, TO_0006017, TO_0020117, TO_0000276, TO_0000428, TO_0000495, TO_0002639, TO_0012002, TO_0002681, TO_0000952, TO_0000567, TO_0000766, TO_0000522;TO_0000523, TO_0020097, TO_0000316, TO_0002661, TO_0006036, TO_0000430, TO_0020116, TO_0000075, TO_0000303, TO_0000253, TO_0000259","water use efficiency, disease resistance, ethylene sensitivity, root number, meristem identity, non photochemical quenching, drought tolerance, callus induction, chlorophyll content, shoot branching, leaf chlorophyll content, leaf curling, stem weight, tiller angle, petiole length, stomatal resistance, stomatal opening, photosynthetic ability, seed maturation, stem elongation, germination rate, photochemical quenching, light sensitivity, cold tolerance, seed dormancy, heat tolerance","24.39455413","10.82156262","2.602333859","11.38806939","35.75382037","22.75609069"
"TraesCS6A03G0611400.1","TraesCS6A02G222100","W24","0.893001363121622","1.40763399897588e-06","IPR000425, IPR022357, IPR023271, IPR034294","MIP, MIP_CS, Aquaporin-like, Aquaporin_transptr","GO:0006833,GO:0055085,GO:0015250,GO:0016021,GO:0005886","water transport,transmembrane transport,water channel activity,integral component of membrane,plasma membrane","TO_0000181, TO_0001015, TO_0000257, TO_0000345, TO_0000227, TO_0000437, TO_0000112, TO_0006002, TO_0001018, TO_0002657, TO_0006001, TO_0000360, TO_0000183, TO_0002699, TO_0000043, TO_0000084, TO_0000276, TO_0020097, TO_0000418, TO_0000522;TO_0000523, TO_0000391, TO_0002661, TO_0000004","seed weight, photosynthetic rate, root branching, seed viability, root length, male sterility, disease resistance, proline content, transpiration rate, oxidative stress, salt tolerance, leaf elongation rate, other miscellaneous trait, lycopene content, root morphology trait, root number, drought tolerance, stomatal opening, bakanae disease resistance, stomatal resistance, seed size, seed maturation, reversible male sterility","1.920725489","1.803432254","0.064007521","0.4852","2.045735969","2.646041252"
"TraesCS6A03G0740600.1","TraesCS6A02G277500","W24","0.845747836948435","1.89564479854519e-05","IPR008166","Glyco_transf_92","GO:0016021,GO:0016757","integral component of membrane,glycosyltransferase activity","TO_0000360, TO_0000429, TO_0006002, TO_0000430, TO_0006001","leaf elongation rate, salt sensitivity, proline content, germination rate, salt tolerance","2.850037043","0.860166785","0.162513411","1.387180287","3.817546031","1.734843898"
"TraesCS6A03G0796700.1","TraesCS6A02G303400","W24","0.78320013280928","0.00020057469877248","IPR010800","GRP","NA","NA","TO_0000598, TO_0000391, TO_0000397","protein content, seed size, grain size","7.954222331","0.524590059","0","0.946911062","2.052238247","1.6723939"
"TraesCS6A03G0820900.2","TraesCS6A02G315200.2","W24","0.841674792043285","2.27632417165715e-05","IPR004015, IPR017862","SKI-int_prot_SKIP_SNW-dom, SKI-int_prot_SKIP","NA","NA","NA","NA","0.429955492","0.766166617","0.040019678","0.399699868","0.557132153","0.646068349"
"TraesCS6A03G1016600.1","TraesCS6A02G406400","W24","0.909352025059211","4.26138300117196e-07","IPR006652, IPR011498, IPR015915","Kelch_1, Kelch_2, Kelch-typ_b-propeller","GO:0005515","protein binding","TO_0000183","other miscellaneous trait","2.071433659","1.598242789","0.5165395","1.649772073","3.350240006","2.663135466"
"TraesCS6B03G0380000.1","TraesCS6B02G151500","W24","0.79113113019158","0.000155484618810588","IPR004864, IPR044839","LEA_2, NDR1-like","GO:0009506,GO:0016021,GO:0046658,GO:0098542","plasmodesma,integral component of membrane,anchored component of plasma membrane,defense response to other organism","TO_0000345, TO_0000276, TO_0000183, TO_0000227, TO_0001015, TO_0000112, TO_0001018, TO_0020097, TO_0000371, TO_0006001, TO_0000084, TO_0000430, TO_0000043","seed viability, drought tolerance, other miscellaneous trait, root length, photosynthetic rate, disease resistance, transpiration rate, stomatal opening, yield trait, salt tolerance, root number, germination rate, root morphology trait","1.831592057","1.953240754","0.224564203","2.59403437","3.664915799","1.938438873"
"TraesCS6B03G0720000.1","TraesCS6B02G245100","W24","0.920949735131065","1.57978443948714e-07","IPR004588, IPR011005, IPR017178, IPR045854","IspG_bac-typ, Dihydropteroate_synth-like, IspG_atypical, NO2/SO3_Rdtase_4Fe4S_sf","GO:0009507,GO:0009617,GO:0005506,GO:0019288,GO:0009862,GO:0051539,GO:0046429,GO:0016114","chloroplast,response to bacterium,iron ion binding,isopentenyl diphosphate biosynthetic process, methylerythritol 4-phosphate pathway,systemic acquired resistance, salicylic acid mediated signaling pathway,4 iron, 4 sulfur cluster binding,4-hydroxy-3-methylbut-2-en-1-yl diphosphate synthase activity,terpenoid biosynthetic process","TO_0000075, TO_0000766, TO_0006036, TO_0001017, TO_0020116, TO_0000112, TO_0002681, TO_0000259, TO_0006017, TO_0000084, TO_0002661, TO_0000522;TO_0000523, TO_0000430, TO_0000276, TO_0000428, TO_0002639, TO_0000495, TO_0000952, TO_0000253, TO_0000316, TO_0020097, TO_0000303, TO_0000567, TO_0000173, TO_0012002, TO_0020117","light sensitivity, petiole length, stem elongation, water use efficiency, photochemical quenching, disease resistance, leaf curling, heat tolerance, meristem identity, root number, seed maturation, stomatal resistance, germination rate, drought tolerance, callus induction, shoot branching, chlorophyll content, stem weight, seed dormancy, photosynthetic ability, stomatal opening, cold tolerance, tiller angle, ethylene sensitivity, leaf chlorophyll content, non photochemical quenching","16.468566","8.283532072","0.886699993","7.719674163","27.59711332","16.02828193"
"TraesCS6B03G0778400.1","TraesCS6B02G266600","W24","0.751241635841792","0.000508468522613406","IPR001841, IPR013083","Znf_RING, Znf_RING/FYVE/PHD","GO:0061630,GO:0016567","ubiquitin protein ligase activity,protein ubiquitination","TO_0000183, TO_0000227, TO_0000207, TO_0000276, TO_0000492, TO_0006001, TO_0006067, TO_0000050, TO_0000430, TO_0000043","other miscellaneous trait, root length, plant height, drought tolerance, leaf shape, salt tolerance, aphid resistance, inflorescence branching, germination rate, root morphology trait","1.926491534","2.143000628","0.354830077","1.558507369","3.438242377","2.617236153"
"TraesCS6B03G0808400.1","TraesCS6B02G278900","W24","0.909606896377528","4.17550496213681e-07","IPR000719, IPR003613, IPR008271, IPR011009, IPR013083, IPR014729, IPR017441","Prot_kinase_dom, Ubox_domain, Ser/Thr_kinase_AS, Kinase-like_dom_sf, Znf_RING/FYVE/PHD, Rossmann-like_a/b/a_fold, Protein_kinase_ATP_BS","GO:0004672,GO:0004842,GO:0005524,GO:0006468,GO:0016567","protein kinase activity,ubiquitin-protein transferase activity,ATP binding,protein phosphorylation,protein ubiquitination","TO_0006002, TO_0000430, TO_0000043, TO_0000276, TO_0000303","proline content, germination rate, root morphology trait, drought tolerance, cold tolerance","0.393918349","0.180301493","0","0.243010059","0.519175661","0.347226274"
"TraesCS6B03G0826500.1","TraesCS6B02G286100","W24","0.773332240121456","0.000271497591538378","IPR003676","SAUR_fam","GO:0009733","response to auxin","TO_0000276, TO_0000707, TO_0000207","drought tolerance, pericarp color, plant height","1.15635825","1.433864562","0","1.040764385","0.823058581","1.63038593"
"TraesCS6B03G1213800.1","TraesCS6B02G433600","W24","0.833119892347261","3.29034214646172e-05","IPR044594","HIP01/3/5/6","GO:0046872","metal ion binding","TO_0000276","drought tolerance","1.107732586","0.602136041","0","0.697238778","1.229913484","0.968073646"
"TraesCS6D03G0491100.1","TraesCS6D02G197800","W24","0.874036859563536","4.5205670514791e-06","IPR004588, IPR011005, IPR017178, IPR045854","IspG_bac-typ, Dihydropteroate_synth-like, IspG_atypical, NO2/SO3_Rdtase_4Fe4S_sf","GO:0009507,GO:0009617,GO:0005506,GO:0019288,GO:0009862,GO:0051539,GO:0046429,GO:0016114","chloroplast,response to bacterium,iron ion binding,isopentenyl diphosphate biosynthetic process, methylerythritol 4-phosphate pathway,systemic acquired resistance, salicylic acid mediated signaling pathway,4 iron, 4 sulfur cluster binding,4-hydroxy-3-methylbut-2-en-1-yl diphosphate synthase activity,terpenoid biosynthetic process","TO_0002661, TO_0000259, TO_0000173, TO_0000567, TO_0000430, TO_0000253, TO_0000112, TO_0000276, TO_0001017, TO_0000766, TO_0006017, TO_0020097, TO_0002639, TO_0000316, TO_0002681, TO_0000495, TO_0006036, TO_0000075, TO_0000428, TO_0000522;TO_0000523, TO_0020116, TO_0000303, TO_0020117, TO_0012002, TO_0000952, TO_0000084","seed maturation, heat tolerance, ethylene sensitivity, tiller angle, germination rate, seed dormancy, disease resistance, drought tolerance, water use efficiency, petiole length, meristem identity, stomatal opening, shoot branching, photosynthetic ability, leaf curling, chlorophyll content, stem elongation, light sensitivity, callus induction, stomatal resistance, photochemical quenching, cold tolerance, non photochemical quenching, leaf chlorophyll content, stem weight, root number","11.5095261","4.798408705","0.646960395","3.567841248","16.82785323","18.01167383"
"TraesCS6D03G0512100.1","TraesCS6D02G206000","W24","0.738494670419334","0.000710155110653049","IPR000719, IPR001611, IPR003591, IPR008271, IPR011009, IPR013210, IPR017441, IPR032675","Prot_kinase_dom, Leu-rich_rpt, Leu-rich_rpt_typical-subtyp, Ser/Thr_kinase_AS, Kinase-like_dom_sf, LRR_N_plant-typ, Protein_kinase_ATP_BS, LRR_dom_sf","GO:0005524,GO:0005515,GO:0016021,GO:0004674,GO:0006468","ATP binding,protein binding,integral component of membrane,protein serine/threonine kinase activity,protein phosphorylation","TO_0020055, TO_0006001, TO_0000428, TO_0006017, TO_0000112","wheat stripe rust disease resistance, salt tolerance, callus induction, meristem identity, disease resistance","3.012808548","1.973743424","0.558968855","1.579803145","3.374966926","4.28602377"
"TraesCS7A03G0626200.1","TraesCS7A02G269200","W24","0.940109526053008","2.08477654072385e-08","IPR015421, IPR015424","PyrdxlP-dep_Trfase_major, PyrdxlP-dep_Trfase","GO:0003824","catalytic activity","NA","NA","6.929169847","4.664516826","0.727734144","3.201770624","8.577977293","7.234882655"
"TraesCS7A03G0650400.1","TraesCS7A02G279500","W24","0.816988040707447","6.25444406818319e-05","IPR019315, IPR039207","MMTA2_N, MMTAG2-like","NA","NA","NA","NA","0.467676775","0.657921967","0.097797402","0.527127655","0.770039824","0.807263171"
"TraesCS7A03G1198400.1","TraesCS7A02G494400","W24","0.806533633112608","9.18430775168182e-05","IPR010658, IPR036259","Nodulin-like, MFS_trans_sf","GO:0016021","integral component of membrane","NA","NA","0.700220147","0.519778763","0","0.178865925","0.290172315","0.44218011"
"TraesCS7A03G1335000.1","TraesCS7A02G549000","W24","0.849910938700535","1.56373874637676e-05","IPR003441, IPR036093","NAC-dom, NAC_dom_sf","GO:0005634,GO:0003677,GO:0006355","nucleus,DNA binding,regulation of DNA-templated transcription","TO_0000522;TO_0000523, TO_0006002, TO_0012001, TO_0001017, TO_0000430, 72, TO_0000346, TO_0000253, TO_0006017, TO_0000227, 61, TO_0000919, TO_0000280, TO_0002699, TO_0012004, TO_0000516, TO_0020097, TO_0000589, TO_0000428, TO_0000074, TO_0000511, TO_0000504, TO_0000112, TO_0000382, TO_0020055, TO_0000953, TO_0001018, TO_0000276, TO_0001015","stomatal resistance, proline content, leaf area index, water use efficiency, germination rate, Grain hardness, tiller number, seed dormancy, meristem identity, root length, Stem solidness, grain weight, seedling vigor, lycopene content, quantum yield, relative root length, stomatal opening, average grain weight, callus induction, blast disease resistance, phosphorus uptake, leaf temperature, disease resistance, 1000-grain weight, wheat stripe rust disease resistance, stem number, transpiration rate, drought tolerance, photosynthetic rate","1.805912917","1.356704651","0.204123286","2.803275699","4.400261511","2.677311889"
"TraesCS7B03G0272600.1","TraesCS7B02G104500","W24","0.665652311228481","0.00353805407565056","IPR000375, IPR001401, IPR001849, IPR003130, IPR011993, IPR019762, IPR020850, IPR022812, IPR027417, IPR030381, IPR045063","Dynamin_stalk, Dynamin_GTPase, PH_domain, GED, PH-like_dom_sf, Dynamin_GTPase_CS, GED_dom, Dynamin, P-loop_NTPase, G_DYNAMIN_dom, Dynamin_N","GO:0005737,GO:0005874,GO:0016020,GO:0003924,GO:0005525,GO:0008017","cytoplasm,microtubule,membrane,GTPase activity,GTP binding,microtubule binding","TO_0000043, TO_0000516, TO_0006054, TO_0000183, TO_0000495, TO_0002639","root morphology trait, relative root length, arsenic concentration, other miscellaneous trait, chlorophyll content, shoot branching","2.369205611","1.838257308","0.66480468","2.208624746","2.207357709","2.221631004"
"TraesCS7D03G0449000.1","TraesCS7D02G201000","W24","0.957146871993653","1.77998249618202e-09","IPR001701, IPR008928, IPR012341, IPR018221","Glyco_hydro_9, 6-hairpin_glycosidase_sf, 6hp_glycosidase-like_sf, Glyco_hydro_9_His_AS","GO:0016021,GO:0030245,GO:0008810","integral component of membrane,cellulose catabolic process,cellulase activity","TO_0000276, TO_0000004, TO_0000437","drought tolerance, reversible male sterility, male sterility","7.73994029","3.452862291","0.365617688","3.071602198","5.88469617","3.820866528"
"TraesCS7D03G0571100.1","TraesCS7D02G254100","W24","0.786493070325692","0.000180680977935571","IPR005018, IPR045265","DOMON_domain, AIR12_DOMON","GO:0016021","integral component of membrane","TO_0000580","cytoplasmic male sterility","19.03268764","5.271299507","0.744986293","4.727861026","8.97466427","11.4788243"
"TraesCS7D03G1238200.1","TraesCS7D02G523500","W24","0.91492313429468","2.69243504475383e-07","IPR001148, IPR018338, IPR023561, IPR036398, IPR041891","CA_dom, Carbonic_anhydrase_a-class_CS, Carbonic_anhydrase_a-class, CA_dom_sf, Alpha_CA_prokaryot-like","GO:0004089,GO:0008270","carbonate dehydratase activity,zinc ion binding","TO_0006001, TO_0020117, TO_0020116, TO_0012004","salt tolerance, non photochemical quenching, photochemical quenching, quantum yield","10.52766152","1.935621167","0","0.960239342","3.051634142","1.893756392"
"TraesCSU03G0052400.1","TraesCSU02G056300","W24","0.736408939524492","0.00074873224436222","IPR003821, IPR013512, IPR013644, IPR026877, IPR036169, IPR036291","DXP_reductoisomerase, DXP_reductoisomerase_N, DXP_reductoisomerase_C, DXPR_C, DXPR_C_sf, NAD(P)-bd_dom_sf","GO:0009507,GO:0030604,GO:0005515,GO:0051484,GO:0070402,GO:0030145,GO:0016853","chloroplast,1-deoxy-D-xylulose-5-phosphate reductoisomerase activity,protein binding,isopentenyl diphosphate biosynthetic process, methylerythritol 4-phosphate pathway involved in terpenoid biosynthetic process,NADPH binding,manganese ion binding,isomerase activity","TO_0000496","carotenoid content","5.091494241","3.053785625","1.434715722","2.430140603","6.334082251","7.486978407"
